tweet_id,tweet_text,dateTime,author_id,retweet_count,like_count,quote_count,reply_count,UserLocation,Tweet_Place,URLs,mentions,hashtags,sentiment
1520486352713920520,ุนูุฏ ุงููุทุฑ ุงููุจุงุฑู ุนูุฏ ุงููุทุฑ ,2022-04-30 19:32:50+00:00,1281657943646253056,0,0,0,0,"Doha, Qatar","ุงูุฑูุงู, ุฏููุฉ ูุทุฑ",['https://t.co/Q6CvKZGtl8'],[],[],neutral
1520449121882193921,ูุณุงุก ุงูุถูู ุงูุฐู  ูุดุฏ ุงูุฑุญุงู ูุงููููุจ ุงูุชู ูู ุชุฑุชูู ูู ุนุฐุจ ุนุทุงูุงู  ุงูููู ุฅุฌุนููุง ููุจูููู ุจูุฑูู ููููููู ุจุฐูุฑู ูุดููููู ุจุนููู ู ูุงุฆุฒูู ุจุฑุถุงู ููู ุงูุนุชูุงุก ูู ูุงุฑู ูุฃุฌุนููุง ุงูููู ูู ูุฑุซุฉ ุฌูุชู ูุงุฑุจ ุงูุนุงูููู ุุุุูุณุงุก ุงูุฑุญูุฉ ูุงููุบูุฑุฉ ูุงูุนุชู ูู ุงููุงุฑ  ุนูุฏ ุงููุทุฑ,2022-04-30 17:04:53+00:00,2451892208,0,2,0,0,Doha/Beirut/London๐ถ๐ฆ๐ฑ๐ง๐ฌ๐ง,"ุงูููุฑุฉ, ุฏููุฉ ูุทุฑ",[],[],[],neutral
1520436959809871872,ูู ุนุงู ูุงูุช ุนูุฏู ููู ุบูุฑู ุจุนูุฏ ููู ุนุงู ููุฑ   ูุงุฌุนููู ูุงูุฏุนููุนูุฏ ุงููุทุฑ,2022-04-30 16:16:34+00:00,1513746937949954049,0,0,0,0,๐ถ๐ฆ,"ุงูุฑูุงู, ุฏููุฉ ูุทุฑ",[],[],[],neutral
1520427936305848323,ุนุงุฌู ุบุฏูุง ุงููููู ูุดูุฑ ุฑูุถุงู ูู ุงูุณุนูุฏูุฉ ุ ุจุนุฏ ุชุนุฐุฑ ุฑุคูุฉ ููุงู ุดูุงู ุ ูุนูุฏ ุงููุทุฑ ููู ุงูุงุซููู  ุนูุฏ ุงููุทุฑ ุฑูุถุงู ,2022-04-30 15:40:42+00:00,708535212,0,1,0,0,"Doha, Qatar","ุงูุฑูุงู, ุฏููุฉ ูุทุฑ",['https://t.co/LGqIZ1Tcsj'],[],[],neutral
1520412512176549893,ุงููุญุธู ุงูุชู ุชูุชูู ูุฑุญุชูุง ุจุตูุงู ุฑูุถุงู ูุงูุทุงุฑ ุนูุฏ ุงููุทุฑ โฅ๏ธุงุนุงุฏู ุงููู ุนูููุง ูุนูููู ุจุงูุฎูุฑ ูุงูููู ูุงูุจุฑูุงุช ๐น ,2022-04-30 14:39:25+00:00,1355825652,0,0,0,0,"Live in Doha, Qatar","ุงูุฑูุงู, ุฏููุฉ ูุทุฑ",['https://t.co/2bjh77UtlI'],[],[],neutral
1520367184551239681,ุถุนูุง ุจุงูุทูุดู โฆุนูุฏ ุงููุทุฑ ุงูุงุญุฏ  ุงู ุงูุฅุซููู ุุฑูุถุงู ูุฑูู ูุณุฑูุน ,2022-04-30 11:39:18+00:00,3312763951,0,0,0,0,,"ุงูุฏูุญุฉ, ุฏููุฉ ูุทุฑ",['https://t.co/cDvzf9Pubm'],[],[],neutral
1520337812939235328,ุงุณุนุงุฑ ุฎุงุตุฉ ๐ ุจููุงุณุจุฉ ุนูุฏ ุงููุทุฑ  2022ุงููุจุฎุฑ ุงูุงููููุทูุจ ูุงูุงุณุชูุณุงุฑ  ๐ถ๐ฆ 0097433000595ูุชุงุญ ุชูุตูู ูุฏูู ุฎููุฌ ,2022-04-30 09:42:35+00:00,246248214,179,255,1,0,Qatar,"ุงูุฑูุงู, ุฏููุฉ ูุทุฑ",['https://t.co/CZDmPuxCVD'],[],[],neutral
1520281070939348992,ุนูุฏูู ูุจุงุฑู  ูู ุงุนูููุง ุจููุทูุฉ ุงููุณูู ูุทุฑ  ูููุนุงููุฉ ู ุงูุงุณุชูุณุงุฑ   70729515 974  ุงูุนูุฏ ุงูุงุญุฏ ุนูุฏ ุงููุทุฑ 2022 ูุทุฑ2022 ,2022-04-30 05:57:07+00:00,1114877106679439360,0,1,0,0,"Doha, Qatar","ุงูุฏูุญุฉ, ุฏููุฉ ูุทุฑ",['https://t.co/ZGmDO4RALo'],[],[],neutral
1520906780670406657,ููุชุธุฑูููู ุงูู ุงูุงู ุนูุฏ ุงููุทุฑ ูู CASH CLUB ูุน DJ KARIM  amp  DJ ZEE ุจููุฏู ุฌุฑุงูุฏ ุฑูุฌู ุงูุฏูุญู We are waiting you on the first day of Eid El Fitr ๐คฉFor reservation   974 3034 6112party restaurant cashclub nightclub wildparties music dj grandregalhotel enjoy liveparties ,2022-05-01 23:23:28+00:00,1434063152212238337,0,0,0,1,Grand Regal Hotel Doha Qatar,"ุงูุฏูุญุฉ, ุฏููุฉ ูุทุฑ",['https://t.co/gcQi8RTexw'],[],"['party', 'restaurant', 'cashclub', 'nightclub', 'wildparties', 'music', 'dj', 'grandregalhotel', 'enjoy', 'liveparties']",positive
1520906222727225344,ููุชุธุฑูููู ุงูู ุงูุงู ุนูุฏ ุงููุทุฑ ูู ูุงุด ูููุจ ุงูุฏูุญู ูุน DJ KARIM  amp  DJ ZEEWe are waiting you on the first day of Eid El Fitr ๐คฉFor reservation   974 3034 6112party restaurant cashclub nightclub wildparties music dj grandregalhotel enjoy liveparties dance BestTime ,2022-05-01 23:21:15+00:00,1434063152212238337,1,0,0,0,Grand Regal Hotel Doha Qatar,"ุงูุฏูุญุฉ, ุฏููุฉ ูุทุฑ",['https://t.co/i0iiesrMmj'],[],"['party', 'restaurant', 'cashclub', 'nightclub', 'wildparties', 'music', 'dj', 'grandregalhotel', 'enjoy', 'liveparties', 'dance', 'BestTime']",positive
1520905553425448961,ุนูุฏูู ูุจุงุฑู  ู ุนุณุงูู ูู ุนูุงุฏู ูู ุนุงู ูุฃูุชู ุจุฎูุฑ ุจููุงุณุจุฉ ุญููู ุนูุฏ ุงููุทุฑ ุงูุณุนูุฏ ุชูุจู ุงููู ุทุงุนุชููุ ูุฃุนุงุฏู ุงููู ุนูููุง ูุนูููู ุจุงูููู ูุงูุฎูุฑ ูุงูุจุฑูุงุช  ,2022-05-01 23:18:35+00:00,455722297,1,1,0,0,,"ุงูุฏูุญุฉ, ุฏููุฉ ูุทุฑ",['https://t.co/L6BrvT6gp8'],[],[],neutral
1520901892100038656,ุงููุฆูู ุจูุฏูู ุนูุฏ ุงููุทุฑ ุงููุจุงุฑฺฏ ุชูุจู ุงููู ููุง ู ูููู ุตุงูุญ ุงูุงุนูุงู ู ูู ุนุงู ู ุงูุชู ุจุฎูุฑ ๐น๐นโฅ๏ธ ,2022-05-01 23:04:02+00:00,778102925335887873,0,5,0,3,"ุงูุฏูุญุฉ, ุฏููุฉ ูุทุฑ","ุงูุฑูุงู, ุฏููุฉ ูุทุฑ",['https://t.co/rvTN89ABU1'],[],[],neutral
1520895534021623808,ููููุฆูู ุจููุงุณุจุฉ ุญููู ุนูุฏ ุงููุทุฑ ุงููุจุงุฑู ูุชูุจู ุงููู ููุง ููููู ุตุงูุญ ุงูุงุนูุงู ุฃุนุงุฏู ุงููู ุนูููุง ูุนูููู ุจุงูุตุญุฉ ูุงูุนุงููุฉููู ุนุงู ูุงูุชู ุจุฎูุฑ  ุนูุฏูู ูุจุงุฑู ,2022-05-01 22:38:46+00:00,1423051979073466372,5,17,0,4,"Doha, Qatar","ุงูุฏูุญุฉ, ุฏููุฉ ูุทุฑ",['https://t.co/nMMIML5hpj'],[],[],neutral
1520881940987105286,ุงุชูุฏู ุจุฃุฒูู ุงูุชูุงูู ูุงูุชุจุฑููุงุช ูููุชุงุจุนูู ูุงูุงูู ุงูุงุณูุงููู ุจุญููู ุนูุฏ ุงููุทุฑ ุงููุจุงุฑู ููู ุนุงู ูุงูุชู ุจุฃูู ุฎูุฑ  ุนูุฏ ุงููุทุฑ ุงููุจุงุฑู ,2022-05-01 21:44:46+00:00,957724958670532609,0,2,0,1,ุงูุดุฑู ุงูุงูุณุท,"ุงูุฑูุงู, ุฏููุฉ ูุทุฑ",['https://t.co/LTB7F44nax'],[],[],neutral
1520881385074008065,ุฃุชูุฏู ุฅูููู ุจุฃุทูุจ ุงูุชูุงูู ูุงูุชุจุฑููุงุช ุจููุงุณุจุฉ ุนูุฏ ุงููุทุฑ ุงููุจุงุฑู ุฃุนุงุฏู ุงููู ุนูููุง ูุนูููู ุจุงูุฎูุฑ ูุงูููู ูุงูุจุฑูุงุช ูุนุณุงูู ูู ุนูุงุฏู๐ ,2022-05-01 21:42:33+00:00,2371737677,1,2,0,0,"๐ถ๐ฆQatar, Pakistan๐ต๐ฐ","ุงูุฑูุงู, ุฏููุฉ ูุทุฑ",['https://t.co/DNLkuXVkAE'],[],[],neutral
1520878051638362120,ุนูุฏ ุงููุทุฑ ุงููุจุงุฑู ,2022-05-01 21:29:18+00:00,1281657943646253056,0,0,0,0,"Doha, Qatar","ุงูุฑูุงู, ุฏููุฉ ูุทุฑ",['https://t.co/GMLDwFjAlu'],[],[],neutral
1520865284533407744,ููุชุจ ุฏ  ุบุงุฏุฉ ูุญูุฏ ุฏุฑููุด ูุฑุจูู ูููุญุงูุงุฉ ูุชููู ููู ุนูุฏ ูุจุงุฑู ูุนุณุงูู ูู ุนูุงุฏุฉุชูุจู ุงููู ููุง ููููู ุตุงูุญ ุงูุงุนูุงู๐ุงููุญุงููุฉ ุบุงุฏุฉ ุฏุฑููุด ูุฑุจูู ุนูุฏ ุงููุทุฑ ุนูุฏูู ูุจุงุฑู ุชููุฆุฉ  ูุทุฑ ูุจุงุฑู ุนูููู ุงูุดูุฑ ุนุณุงูู ูู ุนูุงุฏู ,2022-05-01 20:38:34+00:00,745999216711962625,2,10,0,6,"Doha, Qatar","ุงูุฏูุญุฉ, ุฏููุฉ ูุทุฑ",['https://t.co/DQu3n3tR6F'],[],[],neutral
1520860296654565376,ุงููู ุงูุจุฑ ุงููู ุงูุจุฑ ูุง ุงูู ุงูุง ุงูููุนูุฏ ุงููุทุฑ ุงููุจุงุฑู ุนูุฏ ุงููุทุฑ ,2022-05-01 20:18:45+00:00,488445947,0,1,0,1,"Doha, Qatar","ุงูุถุนุงูู, ุฏููุฉ ูุทุฑ",['https://t.co/fSuKeoQCkV'],[],[],neutral
1520857031141474308,ูู ุนุงู ูุงูุชู ุจุฎูุฑุงููู ูุชูุจู ุตูุงููู ูููุงูููุนูุฏ ุงููุทุฑ ุงููุจุงุฑู ,2022-05-01 20:05:47+00:00,872314332239024128,0,0,0,0,"Doha, Qatar","ุงูุฏูุญุฉ, ุฏููุฉ ูุทุฑ",['https://t.co/6CXNe1cRss'],[],[],neutral
1520855684950155264,ุงูุญูุฏู ูููู ุงูุฐู ุฃููุฑููููุง ุฌููุนูุงุจุฅุชูุงูู ุตููุงูู ุดูุฑู ุฑูุถุงู ุงููุจุงุฑูุ ุณุงุฆูููู ุงููููู ุฌููููุชู ููุฏุฑุชููู ุฃู ูููููู ุงูุฐูู ููููููููู ูู ุตูุงูู ูููุงููุ ูููุฏุงูููู ุฅูู ุตุงูุญ ุงูุฃุนูุงููููุดูุฑููู ุนุฒูุฌู ุฃู ุจูุบูุง ุฌูุนูุงูุนูุฏ ุงููุทุฑ ุงูุณุนูุฏุ ูููุฏุนูููุฃู ูุฎุชููู ููุง ุจุฑุญูุชู ููุบูุฑุชููุงูุนุชู ูู ุงููุงุฑู ,2022-05-01 20:00:26+00:00,848727741067403265,4,5,0,0,"ุงูุงุญูุฏู, ุฏููุฉ ุงููููุช","ุงูุฑูุงู, ุฏููุฉ ูุทุฑ",['https://t.co/wkkx2cDldH'],[],[],neutral
1520854380299309058,ุงูุญูุฏ ููู ุงูุฐู ุจูุบูุง ุฑูุถุงู ูุฃุนุงููุง ุนูู ุตูุงูู ูููุงูู  ุชูุจู ุงููู ุทุงุนุชูู  ุฃููุฆ ูุทูู ุงูุญุจูุจ ูุฃููู ูู ุงูููุงุทููู ูุงููููููู   ููุง ุฃููุฆ ุงููุณูููู ูุงูุฉ ูู ูู ููุงู ุจููุงุณุจุฉ ุนูุฏ ุงููุทุฑ ุงููุจุงุฑู ูู ุนุงู ูุฃูุชู ุจุฎูุฑ   ู ุนูุฏูู ูุจุงุฑู,2022-05-01 19:55:15+00:00,464665795,2,3,0,0,"Al Wakra, Qatar","ุงูุฏูุญุฉ, ุฏููุฉ ูุทุฑ",[],[],[],neutral
1520852292978757633,ุงูููู ุฃูู ูุฃุจู โค๏ธ๐ ูุงูููู ุฃุฎูุงูู ูุฃุฎุชู ๐๐๐๐ูุงูููู ุนุงุฆูุชู ุฒูุฌู ูุงููุงุฏู ๐คูุงูููู ุฃููู ูุฃุญุจุงุจู ูู ูู ุนูุฏ ุนูุฏูู ูุจุงุฑู ุนูุฏ ุงููุทุฑ ุงููุจุงุฑู,2022-05-01 19:46:57+00:00,708761418976329731,0,1,0,0,๐ุฏูุญุชู ุงูุฌูููู,"ุงูุฏูุญุฉ, ุฏููุฉ ูุทุฑ",[],[],[],neutral
1520842452466290688,ุนูุฏูู ูุจุงุฑู ๐ฅณ ุนูุฏูู ูุจุงุฑู ุนูุฏ ุงููุทุฑ ุงููุจุงุฑู,2022-05-01 19:07:51+00:00,1196515008433274887,0,0,0,0,,"ุงูุฏูุญุฉ, ุฏููุฉ ูุทุฑ",[],[],[],neutral
1520837100521803778,ูู ุนุงู ูุงูุชูุง ุจุฎูุฑ ูุนูุฏูู ูุจุงุฑู ๐นุงุฎููู ุงููุทููุฎ ููุฏ ุจู ุณุนูุฏ ุงูุดูุฑุงูู  ุนูุฏ ุงููุทุฑ ุงููุจุงุฑู ุนูุฏ ุงููุทุฑ,2022-05-01 18:46:35+00:00,908628681496645632,29,36,0,52,Qatar ,"ุงูุฑูุงู, ุฏููุฉ ูุทุฑ",[],[],[],neutral
1520834493384380416,EidUlFitrุนูุฏ ุงููุทุฑ ุงููุจุงุฑููู ุนุงู ูุงูุชู ุจุฎูุฑ ,2022-05-01 18:36:13+00:00,69609750,0,1,0,0,"Doha, Qatar","ุฃู ุตูุงู, ุฏููุฉ ูุทุฑ",['https://t.co/BhJz2Bh7wK'],[],['EidUlFitr'],neutral
1520831611083923458,Oh Allah  Accept our Qiyam  Siyam and our Ibadaat  Good Deeds and Forgive us as you love Forgiving and Make us reach another Ramadan  โฆEidAlFitrโฉ Ramadanุนูุฏ ุงููุทุฑ ุงููุจุงุฑู ,2022-05-01 18:24:46+00:00,3870372137,1,1,0,0,Islamabad ๐ต๐ฐ / Qatar ๐ถ๐ฆ ,"ุงูุฏูุญุฉ, ุฏููุฉ ูุทุฑ",['https://t.co/CK4oEuwbu5'],[],"['EidAlFitr', 'Ramadan']",positive
1520831403616788485,ูููุงู ุณููู ุงููุฑูู ูุฑูุน ุงุณูู ุงูุงุช ุงูุชูุงูู ูุงูุชุจุฑููุงุชุุ ู ูููุงู ุงูุณุงููุชู ูุฑูุน ูู ุงุณูู ุงูุงุช ุงููุญุจุฉ ู ุงูุชูุฏูุฑุุูู ุนุงู ู ุงูุช ุงูุฎูุฑุุุนูุฏ ุงููุทุฑ ุงููุจุงุฑู ,2022-05-01 18:23:56+00:00,472875634,21,41,0,17,,"ุงูุฏูุญุฉ, ุฏููุฉ ูุทุฑ",['https://t.co/HYxgFTK4pJ'],[],[],neutral
1520831054222921728,ุนูุฏ ุงููุทุฑ ุงููุจุงุฑู ,2022-05-01 18:22:33+00:00,1121503130229694465,1,2,0,0,,"ุงูุฑูุงู, ุฏููุฉ ูุทุฑ",['https://t.co/tvr5BX1IzJ'],[],[],neutral
1520825861720715267,ูููุฆูู ุจุญููู ุนูุฏ ุงููุทุฑ ุงููุจุงุฑู  ุชูุจู ุงููู ููุง ููููู ุตุงูุญ ุงูุงุนูุงู ููู ุนุงู ูุงูุชู ุจุงูู ุฎูุฑ ,2022-05-01 18:01:55+00:00,2799465102,0,0,0,0,ุฏููุฉ ูุทุฑ,"ุงูุฑูุงู, ุฏููุฉ ูุทุฑ",['https://t.co/QOlmk2ZGwR'],[],[],neutral
1520824749546520577,ุนูุฏ ุงููุทุฑ ุงููุจุงุฑู ุนูุฏูู ูุจุงุฑู ูุณุฑ ุงูุงุชุญุงุฏ ุงููุทุฑู ููุจููุงุฑุฏ ูุงูุณูููุฑ ุชููุฆุชูู ุจููุงุณุจุฉ ุนูุฏ ุงููุทุฑ ุงููุจุงุฑูุชูุจู ุงููู ููุง ููููู ุตุงูุญ ุงูุงุนูุงู ูุงุนุงุฏู ุงููู ุนูููุง ูุนูููู ุจุงูููู ูุงููุณุฑุงุช โค๏ธโจ ,2022-05-01 17:57:30+00:00,259635911,0,0,0,0,Qatar,"ุงูุฏูุญุฉ, ุฏููุฉ ูุทุฑ",['https://t.co/KYYmlKDUl0'],[],[],neutral
1520823303165911043,ูุจุงุฑู ุนูููู ุนูุฏ ุงููุทุฑ ,2022-05-01 17:51:45+00:00,727114715579711488,0,0,0,0,"ุงูุฏูุญุฉ, ุฏููุฉ ูุทุฑ","ุงูุฏูุญุฉ, ุฏููุฉ ูุทุฑ",['https://t.co/LdtaIrSBJ8'],[],[],neutral
1520822842107088897,ูุณุฑ ูุฏุฑุณุฉ ุนุจุฏ ุงูุฑุญูู ุจู ุฌุงุณู ุงูุฅุนุฏุงุฏูุฉ ููุจููู ุฃู ุชุฑูุน ุฃุณูู ุขูุงุช ุงูุชูุงูู ูุฃุทูุจ ุงูุชุจุฑููุงุช ุฅูู ุญุถุฑุฉ ุตุงุญุจ ุงูุณูู ุงูุดูุฎ ุชููู ุจู ุญูุฏ ูฑู ุซุงูู ุฃููุฑ ุงูุจูุงุฏ ุงูููุฏู ุญูุธู ุงููู ูุฑุนุงู ุจููุงุณุจุฉ ุนูุฏ ุงููุทุฑ ุงููุจุงุฑู ูุฅูู ุฏููุฉ ูุทุฑ ููุงุฏุฉ ูุญูููุฉ ูุดุนุจุงุ ูููุฃูุชูู ุงูุนุฑุจูุฉ ูุงูุฅุณูุงููุฉุูุนุณุงูู ูู ุนูุงุฏู ,2022-05-01 17:49:55+00:00,1371381578,0,1,0,0,ุงูููุฑุฉ ,"ุงูุฏูุญุฉ, ุฏููุฉ ูุทุฑ",['https://t.co/NuWdLEL9rV'],[],[],neutral
1520822638389743618,ุชุชูุฏู ุฅูููู ุดุฑูุฉ ููุงุญุฉ ุจุฃุตุฏู ุงูุชูุงูู ูุงูุชุจุฑููุงุช ุจุญููู ุนูุฏ ุงููุทุฑ ุงููุจุงุฑู   ุฃุนุงุฏู ุงููู ุนูู ุงูุฌููุน ุจุงูุฎูุฑ ูุงูููู ูุงูุจุฑูุงุช Wishing you a happy Eid Eid Mubarak ุนูุฏูู ูุจุงุฑู ููุงุญุฉ milaha ,2022-05-01 17:49:07+00:00,825996885295001601,1,5,0,4,"Doha, Qatar","ุงูุฏูุญุฉ, ุฏููุฉ ูุทุฑ",['https://t.co/jgCocSYP42'],[],"['Eid_Mubarak', 'milaha']",positive
1520820777540538369,ุงูููู ูุงุฑุญูู ูุง ุฑุญูู  ุฃุณุฃูู ูู ุฃูู ููู ูู ุนูุฏ ุงููุทุฑ ุงููุจุงุฑู  ุฃู ุชุฌุนู ูุจุฑ  ุฒูุฌุชู ุนูุฏุงู ุงูููู ุงุฌุนู ูุจุฑูุง  ูุงุณุนูุง ุญุชู ูุง ุชุฑู ูู ููุงูุฉ  ุงูููู ุงุฌุนูู ููุง ููุฑูุง ุญุชู ูุง ุชุฑู ููู ุธููุฉ ุฃุจุฏูุง  ุงูููู ุจุฑูุฏ ูุจุฑูุง ูุงุบูุฑ ุฐูุจูุง  ูุงุฌุนู ุงูุฌูุฉ ูุง ุงููู ูุณูููุง ู ุงุฌูุนูู ุจูุง ูุง ุฃุฑุญู ุงูุฑุงุญููู  ,2022-05-01 17:41:43+00:00,172675562,0,3,0,2,Egypt,"ุงูุฑูุงู, ุฏููุฉ ูุทุฑ",['https://t.co/D6qbnkgDo5'],[],[],neutral
1520819039035138049,ุงููุฑูุฒ ุงูุฅุนูุงูู ุงููุทุฑู ูุชูุฏู ููู ุจุฃุฌูู ุงูุชูุงูู ูุงูุชุจุฑููุงุช ูููุงุณุจุฉ ุนูุฏ ุงููุทุฑ ุงููุจุงุฑู ุฃุนุงุฏู ุงููู ุนูููู ุจุงูุฎูุฑ ูุงูุจุฑูุฉุนุณุงูู ูู ุนูุงุฏู ูุฒุงุฑุฉ ุงูุซูุงูุฉ ุนูุฏ ุงููุทุฑ ,2022-05-01 17:34:49+00:00,811951315765100545,3,4,0,0,"Doha, Qatar","ุงูุฑูุงู, ุฏููุฉ ูุทุฑ",['https://t.co/I8MZHSVw8q'],[],[],neutral
1520817789493198849,ุชุชุดุฑู  ุงุณุจุงูุฑ ููุทุจุงุนุฉ ููุซูุฉ ุจุฅุฏุงุฑุชูุง ููุฑูู ุงูุนูู ูุฏููุง ุจุชูุฏูู ุฃุญุฑ ุงูุชูุงูู ูุงูุชุจุฑููุงุช ูุฌูููุฑ ุนููุงุฆูุง ููุชุงุจุนููุง ุจููุงุณุจุฉ ุญููู ุนูุฏ ุงููุทุฑ ุงููุจุงุฑู ุฃุนุงุฏู ุงููู ุนูููุง ูุนูููู ุจุงูุฎูุฑ ูุงูููู ูุงูุจุฑูุงุช โจูู ุนุงูู ูุฃูุชู ุจุฎูุฑ โจ ,2022-05-01 17:29:51+00:00,2443883773,0,0,0,0,Qatar,"ุงูุฏูุญุฉ, ุฏููุฉ ูุทุฑ",['https://t.co/UHDsi5ozTl'],[],[],neutral
1520817353919025153,ุงุชุดุฑู ุจุชูุฏูู ุฃุญุฑ ุงูุชูุงูู ูุงูุชุจุฑููุงุช ูุฌูููุฑ ุงุญุจุงุฆู ู ูุชุงุจุนููู ุจููุงุณุจุฉ ุญููู ุนูุฏ ุงููุทุฑ ุงููุจุงุฑู ุฃุนุงุฏู ุงููู ุนูููุง ูุนูููู ุจุงูุฎูุฑ ูุงูููู ูุงูุจุฑูุงุช โจูู ุนุงูู ูุฃูุชู ุจุฎูุฑ โจ,2022-05-01 17:28:07+00:00,1320919454,0,0,0,0,,"ุงูุฏูุญุฉ, ุฏููุฉ ูุทุฑ","['https://t.co/MIm1Rp5uK6', 'https://t.co/pqg936hwLk']",[],[],neutral
1520814749067395072,ุชูุจู ุงููู ููุง ููููู ุตุงูุญ ุงูุงุนูุงู ููู ุนุงู ูุงูุชู ุจุฎูุฑ ุนูุฏ ุงููุทุฑ ุงููุจุงุฑู ุดุงู ูุทุฑ ,2022-05-01 17:17:46+00:00,994885592474378241,77,3,0,0,"Doha, Qatar","ุงูุฎูุฑ, ุฏููุฉ ูุทุฑ",['https://t.co/uccHsXnMKd'],[],[],neutral
1520813258352910336,ุจุงูุงุตุงูุฉ ุนู ููุณู ูููุงุจุฉ ุนู ุทุงูู ุณูุงุฑุฉ ุงูุฌูููุฑูุฉ ุงูููููุฉ ูู  ุงูุฏูุญุฉ ุฃุชูุฏู ุจุฃุญุฑ ุงูุชูุงูู ูุงูุชุจุฑููุงุช ูุฏููุฉ ูุทุฑ ุฃููุฑุงู ูุญูููุฉ ูุดุนุจุงู ููู ุงููููููู ุงููููููู ูู ูุทุฑ ุจููุงุณุจุฉ  ุนูุฏ ุงููุทุฑ ุงููุจุงุฑู ููู ุนุงู ูุฃูุชู ุจุฎูุฑ ุนุณุงูู ูู ุนูุงุฏู ุนูุฏ ุงููุทุฑ ,2022-05-01 17:11:50+00:00,1493132662877442057,31,730,2,72,"Doha, Qatar","ุงูุฏูุญุฉ, ุฏููุฉ ูุทุฑ",['https://t.co/KXaTQoWT3K'],[],[],neutral
1520807691114983425,ูู ุนุงู ูุฃูุชู ุจุฎูุฑุนูุฏ ุงููุทุฑ ุนูุฏ ุงููุทุฑ ุงููุจุงุฑู ,2022-05-01 16:49:43+00:00,558691023,0,0,0,0,"Doha, Qatar","ุงูุฏูุญุฉ, ุฏููุฉ ูุทุฑ",['https://t.co/yfvG5mPbT0'],[],[],neutral
1520805347090485249,ูุนููู ุุ ุนุงุฏ ุนูุฏู ๐คุนูุฏูู ูุจุงุฑูุนูุฏ ุงููุทุฑ ุงููุจุงุฑู ,2022-05-01 16:40:24+00:00,3367387093,2,5,0,2,"Doha, Qatar","ุงูุฑูุงู, ุฏููุฉ ูุทุฑ",['https://t.co/M795fppt8T'],[],[],neutral
1520805235559747586,ุนูุฏ ูุทุฑ ุณุนูุฏ ูุนุณุงูู ูู ุนูุงุฏู   Eid Mubarak  Wishing you all a very happy and peaceful Eid   ูุทุฑ ุนูุฏ ุงููุทุฑ ุนูุฏ ุณุนูุฏ eidmubarak eid qatar ,2022-05-01 16:39:58+00:00,1303920394781499392,0,2,0,0,"Le boulevard, Al Sadd ",ุฏููุฉ ูุทุฑ,['https://t.co/msgUGmrIn4'],[],"['eidmubarak', 'eid', 'qatar']",positive
1520804693424979968,ูู ุนุงู ูุงูุชู ุจุฎูุฑ ๐นูุนูุฏ ุณุนูุฏ ุนูู ูู ูุตุฑ ูุงูุดุนูุจ ุงูุนุฑุจูุฉ ูุงูุนุงูู ุจุฃุณุฑูุนูุฏ ุงููุทุฑ ุงููุจุงุฑู,2022-05-01 16:37:48+00:00,357812583,1,22,0,10,@mundial11news,"ุงูุฑูุงู, ุฏููุฉ ูุทุฑ",[],[],[],neutral
1520804161968824320,May ALLAH bless us enough to see another Ramadan  accept our duas and forgive us Ameen ๐คฒ๐ผEidUlFitr EidMubarak2022 EidMubarak EidMubarak2022 ุงูุนุดุฑ ุงูุงูุงุฎุฑ ูู ุฑูุถุงู ุนูุฏ ุงููุทุฑ ุงููุจุงุฑู ุนูุฏ ุงููุทุฑ ,2022-05-01 16:35:42+00:00,488445947,0,1,0,0,"Doha, Qatar","ุงูุถุนุงูู, ุฏููุฉ ูุทุฑ",['https://t.co/zReEon9Wlr'],[],"['EidUlFitr', 'EidMubarak2022', 'EidMubarak', 'EidMubarak2022']",neutral
1520803402699231233,ุฃููุฆูู ุจุญููู ุนูุฏ ุงููุทุฑ ุงููุจุงุฑู ุฃุนุงุฏู ุงููู ุนูููุง ู ุนูููู ุจูู ุฎูุฑ ู ูู ุนุงู ูุงูุชู ุจุฎูุฑ ุนูุฏูู ูุจุงุฑู HappyEidMubarak ,2022-05-01 16:32:41+00:00,2451892208,0,4,0,3,Doha/Beirut/London๐ถ๐ฆ๐ฑ๐ง๐ฌ๐ง,"ุงูููุฑุฉ, ุฏููุฉ ูุทุฑ",['https://t.co/7aXBFJRprD'],[],['HappyEidMubarak'],neutral
1520799915995287553,ุงููุนุฏ ุจูุฑุฉ  ๐ฝ ูุง ุชูุณูู ูุชุงุจุนุฉ ููุงุชูุง ูุงูููุชููุจ โูููุด ุงูููุดู ูููุจุงูู ุนูุฏ ุงููุทุฑ    ,2022-05-01 16:18:49+00:00,898862607330754561,0,1,1,0,"Doha, Qatar","ุงูุฏูุญุฉ, ุฏููุฉ ูุทุฑ",['https://t.co/MXUMHcO9sC'],"['DohaFilm', 'roadto2022', 'VodafoneQatar']",[],neutral
1520798191054213120,ุฃุทูุจ ุงูุชูุงูู ูุงูุชุจุฑููุงุช ุจููุงุณุจุฉ ุนูุฏ ุงููุทุฑ ุงููุจุงุฑู ุฃุนุงุฏู ุงููู ุนูููุง ูุนูููู ุจุงูุฎูุฑ ูุงูููู ูุงูุจุฑูุงุช  ุนุณุงูู ูู ุนูุงุฏู ููู ุนุงู ูุฃูุชู ุจุฎูุฑ ๐โจ  ๐คฒ Happy and prosperous Eid  EidInQatar Eid EidAlFitr ุงูุนูุฏ ูู ูุทุฑ ุนูุฏ ุงููุทุฑ ,2022-05-01 16:11:58+00:00,2954500224,1,1,0,0,Qatar,QIC Qatar Insurance Company,['https://t.co/WPWR9QQvLJ'],[],"['EidInQatar', 'Eid', 'EidAlFitr']",positive
1520798007008141312,ูููุฆูู ุจููุงุณุจุฉ ุญููู ุนูุฏ ุงููุทุฑ  ุงููุจุงุฑู ุ ุฏุงุนูุงู ุงููููู ุงููุฏูุฑ ุฃู ูุนูุฏู ุนูู ุงูุฌููุน ุจุงูุฎูุฑ ูุงูููู ูุงูุจุฑูุงุช  ููู ุนุงู ูุฃูุชู ุจุฎูุฑ   ,2022-05-01 16:11:14+00:00,873193890764816384,19,28,0,25,"ุงูุฏูุญุฉ, ุฏููุฉ ูุทุฑ","ุงูุฏูุญุฉ, ุฏููุฉ ูุทุฑ",[],[],[],neutral
1520794702198546434,ุนูุฏูู ูุจุงุฑู ู ุนุณุงูู ูู ุนูุงุฏู โจโฅ๏ธ ุนูุฏ ุงููุทุฑ na3na3aart   Doha ,2022-05-01 15:58:06+00:00,1245721184,0,0,0,0,"Doha, Qatar","ุงูุฏูุญุฉ, ุฏููุฉ ูุทุฑ",['https://t.co/ErSZ4SsjM9'],[],['na3na3aart'],neutral
1520794312849645568,ูุญูุฏ ุฌูุงู   ูู ุนุงู ูุฃูุชู ุจุฃูู ุฎูุฑ ุจููุงุณุจุฉ ุนูุฏ ุงููุทุฑ ุงููุจุงุฑูุ ุชูุจู ุงููู ููุง ููููู ุตุงูุญ ุงูุฃุนูุงู ,2022-05-01 15:56:33+00:00,2320782842,0,10,0,1,"Doha, Qatar","ุงูุฏูุญุฉ, ุฏููุฉ ูุทุฑ",['https://t.co/NiH3jkXmQf'],[],[],neutral
1520793086468763654,ุชููุฆ ุดุฑูุฉ ุชุตููุจ ุงูุนุงูู ุงูุฅุณูุงูู ูุนููุงุฆูุง ุงููุฑุงู ุจุญููู ุนูุฏ ุงููุทุฑ ุงููุจุงุฑู ุณุงุฆููู ุงูุนูู ุฃู ููู ุนูู ุงูุฃูุฉ ุงูุฅุณูุงููุฉ ุจุงูุฎูุฑ ูุงูุฑุญูุฉ ูุงููุบูุฑุฉ ูุงูุญูุธ ูู ูู ููุฑูู ุนูุฏ ุงููุทุฑ ุงููุจุงุฑู ุนูุฏ ุงููุทุฑ ูุทุฑ2022 ,2022-05-01 15:51:41+00:00,1209397587171827712,1,1,0,0,"Doha, Qatar.","ุงูุฑูุงู, ุฏููุฉ ูุทุฑ",['https://t.co/Qhgr4VSsUH'],[],[],neutral
1520786942304165888,ูุณุฑ ุฌุงูุนุฉ ุญูุฏ ุจู ุฎูููุฉ ุฃู ุชุชูุฏู ุฅูููู ุจุฃุณูู ุขูุงุช ุงูุชูุงูู ูุงูุชุจุฑููุงุช ุจููุงุณุจุฉ ุญููู ุนูุฏ ุงููุทุฑ ุงููุจุงุฑูุ ูุชูููู ุฃู ูุนูุฏู ุงููู ุนูููู ุฃุนูุงููุง ุนุฏูุฏุฉ ูุฃุฒููุฉ ูุฏูุฏุฉ ูุฃูุชู ูุฃุญุจุงุคูู ูู ุณูุงูุฉ ูุนุงููุฉ  ูู ุนุงู ูุฃูุชู ุจุฎูุฑ ูุนุณุงูู ูู ุนูุงุฏู  โจ ,2022-05-01 15:27:16+00:00,477486252,2,10,0,0,"Doha, Qatar","ุงูุฏูุญุฉ, ุฏููุฉ ูุทุฑ",['https://t.co/Rw15EDsDTF'],[],[],neutral
1520781087898746882,ูุฑูู ุนูู ุฌููุจู ุจุฒูุณ ุณูุชุฑ ูููุฆูู ุจุญููู ุนูุฏ ุงููุทุฑ ุงููุจุงุฑูุ ูู ุนุงู ูุงูุชู ุจุฎูุฑ     Global business center team wishing you Happy Eid ,2022-05-01 15:04:00+00:00,1268416778931240960,0,0,0,0,3+Global Business Centre Qatar,"ุงูุฏูุญุฉ, ุฏููุฉ ูุทุฑ",['https://t.co/Gtyezn9Q5z'],[],[],positive
1520780773409837056,ุนูุฏ ุงููุทุฑ ุงููุจุงุฑู ,2022-05-01 15:02:45+00:00,1281657943646253056,0,1,0,0,"Doha, Qatar","ุงูุฑูุงู, ุฏููุฉ ูุทุฑ",['https://t.co/UP31pX2ijP'],[],[],neutral
1520756493921923072,ูู ุนุงู ูุงูุชู ุจุฎูุฑ ุจููุงุณุจู ุนูุฏ ุงููุทุฑ ุงููุจุงุฑู ุงุนุงุฏู ุงููู ุนูููุง ูุนูููู ุจุงูุฎูุฑ   Qatar ,2022-05-01 13:26:17+00:00,789046872220569600,0,0,0,0,ุฏููุฉ ูุทุฑ,"ุงูุฑูุงู, ุฏููุฉ ูุทุฑ",['https://t.co/2GCUqkkzdU'],[],[],neutral
1520746427730776065,ุฃููุงุช ุนูู ุงููุฑูุน ุฎูุงู ุนุทูุฉ ุนูุฏ ุงููุทุฑ ุงููุจุงุฑูุนููุง ุจุฃู ุจูุงุจุชูุง ุงูุงููุชุฑูููุฉ ู ุชุทุจููุงุชูุง ุงููุงุชููุฉ ุชุนูู ุนูู ูุฏุงุฑ ุงูุณุงุนุฉ  Branches timing in Eid Al Fitr holidays We would like to inform you that our electronic portal and mobile Apps are working 24h 7days  ,2022-05-01 12:46:17+00:00,928543071620317184,0,1,0,0,Qatar,"ุงูุฏูุญุฉ, ุฏููุฉ ูุทุฑ",['https://t.co/58bTrNAxdx'],[],[],neutral
1520737821471948801,ูู ููุฑ  ููุงุฏุฉ ุงูููุงุช ุงููุดุชุฑูุฉ ุงููุทุฑูุฉ ุงูุชุฑููุฉ  ูู ุงูุนุงุตูุฉ ุงููุทุฑูุฉ ุงูุฏูุญุฉ ูููุฐุฌ ุงูุชุญุงูู ุงูุฐู ูุชูุงูุช ุงูุจุนุถ ูุงุณุชูุณุงุฎู  ูุญูููู ูู ุขุฎุฑ ููู ูู ุดูุฑ ุฑูุถุงู ุงููุจุงุฑู ุณุงุฆููู ุงููู ุฃู ูุชูุจู ูููู ุงูุตูุงู ูุงูุทุงุนุงุช  ููุน ุญููู ุนูุฏ ุงููุทุฑ ุงูุณุนูุฏ ุบุฏุง ูุชููู ููู ูู ุฎูุฑ ูุชูููู ูุณุนุงุฏุฉ ููู ุนุงู ูุฃูุชู ุจุฎูุฑ  ,2022-05-01 12:12:05+00:00,444958570,143,2423,10,167,Tรผrkiye,"ุงูุฏูุญุฉ, ุฏููุฉ ูุทุฑ",['https://t.co/C4DpcrWCUG'],[],[],neutral
1520732803658301440,ุจุงฺุฑ ุงูุนูุฏ   ููู ุนุงู ูุงูุชู ุจุฎูุฑ ุชุฑุงุซ ููู  ุงูุนูุฏ ูุฏููุงู  ุนูุฏ ุงููุทุฑ ุงููุจุงุฑู ,2022-05-01 11:52:08+00:00,2451892208,1,3,0,0,Doha/Beirut/London๐ถ๐ฆ๐ฑ๐ง๐ฌ๐ง,"ุงูููุฑุฉ, ุฏููุฉ ูุทุฑ",['https://t.co/f4Sv07asys'],[],[],neutral
1520729417697435649, ูููุฆูู ุจุญููู ุนูุฏ ุงููุทุฑ ุงููุจุงุฑู       ููู ุนุงู ูุงูุชู ุจุงูู ุฎูุฑ  ๐ฏููููุฉ ุงูุดูุฏ ููุชุฌุงุฑุฉ๐ฏ  ุดุงุฑุน ุฃู ุงูุฏููุ ูุนูุฐุฑ ุงูุดูุงูู  ุฌูุงุฑ ุจูู QNB ุชูููู  59911118  ุงุถุบุท ุงูุฑุงุจุท ููุชูุงุตู ูุงุชุณ ุงุจ   ุฒูุฑูุง ูููุนูุง ๐๐ป ุนูู ูููู  ,2022-05-01 11:38:41+00:00,1492006318944759853,0,1,0,0,"ุงูุฑูุงู, ุฏููุฉ ูุทุฑ","ุงูุฑูุงู, ุฏููุฉ ูุทุฑ","['https://t.co/qF8XPSpL1w', 'https://t.co/X6f8mH7ID5', 'https://t.co/ScO1nlXMO0']",[],[],neutral
1520720659000991745,ุจููุงุณุจุฉ ุญููู ุนูุฏ ุงููุทุฑ ุฃุนุงุฏุฉ ุงููู ุนูููู ุจุงูุฎูุฑ ูุงููุฑุญุฉ ูููู ุงูุณุนุงุฏุฉeid mubarak qatardoha iloveqatar explore  qatar holding theroadrealestate Binalsheikhpropertys ,2022-05-01 11:03:53+00:00,1062602409933979648,0,0,0,0,"Doha, Qatar","ุงูุฏูุญุฉ, ุฏููุฉ ูุทุฑ",['https://t.co/J3R3EF3k5M'],[],"['eid_mubarak', 'qatardoha', 'iloveqatar', 'explore', 'qatar', 'holding', 'theroadrealestate', 'Binalsheikhpropertys']",neutral
1520720593615826944,ุจููุงุณุจุฉ ุญููู ุนูุฏ ุงููุทุฑ ุฃุนุงุฏุฉ ุงููู ุนูููู ุจุงูุฎูุฑ ูุงููุฑุญุฉ ูููู ุงูุณุนุงุฏุฉeid mubarak qatardoha iloveqatar explore  qatar holding theroadrealestate Binalsheikhpropertys ,2022-05-01 11:03:37+00:00,1400363438585651200,0,0,0,0,,"ุงูุฏูุญุฉ, ุฏููุฉ ูุทุฑ",['https://t.co/28JM65SlHe'],[],"['eid_mubarak', 'qatardoha', 'iloveqatar', 'explore', 'qatar', 'holding', 'theroadrealestate', 'Binalsheikhpropertys']",neutral
1520701429765361664,ุนูุฏ ุงููุทุฑ ุงููุจุงุฑู ,2022-05-01 09:47:28+00:00,2444491039,0,0,0,0,"ุงูุถุนุงูู, ุฏููุฉ ูุทุฑ","ุงูุถุนุงูู, ุฏููุฉ ูุทุฑ",['https://t.co/aQbdPX8pAp'],[],[],neutral
1520698550920826880,ุนูุฏ ุงููุทุฑ ,2022-05-01 09:36:02+00:00,353983351,0,2,0,0,Qatar,"ุงูุฑูุงู, ุฏููุฉ ูุทุฑ",['https://t.co/rbJc20j5cJ'],[],[],neutral
1520674411128438786,ุชุฏุนู ูุทุฑ ููุณูุงุญุฉ ุงูููุงุทููู ูุงููููููู ูุฒููุงุฑ ุฏููุฉ ูุทุฑ ูุญุถูุฑ ูุนุงููุงุช ุนูุฏ ุงููุทุฑ ุงููุจุงุฑู ูุณูุฉ 2022ุ ุงูุชู ุณุชุดูุฏ ุชุฌุงุฑุจู ุชุฑููููุฉู ุนุงุฆููุฉู ูููุฒุฉููุฒูุฏ ูู ุงูุชูุงุตูู ๐  Qata ูุทุฑ ,2022-05-01 08:00:07+00:00,267139205,1,1,0,1,Qatar - ูุทุฑ,ุฏููุฉ ูุทุฑ,"['https://t.co/MjlEguRunm', 'https://t.co/g8qmhpFhwo']",['NTC_Qata'],[],neutral
1520596180484464643,ูู ุนุงู ูุงูุชู ุจุงูู ุฎูุฑ ุจููุงุณุจุฉ ุญููู ุนูุฏ ุงููุทุฑ ุงููุจุงุฑู ุชูุจู ุงููู ุทุงุนุงุชูู ููุชุจูุง ูุงูุงูู ูู ุนุชูุงุกู ูู ุงููุงุฑ ุนูุฏุงููุทุฑุงููุจุงุฑู ,2022-05-01 02:49:15+00:00,1115554007378997248,1,12,0,2,,"ุงูุฑูุงู, ุฏููุฉ ูุทุฑ",['https://t.co/B6nrF8D1qE'],[],[],neutral
1521190421254320128,ุงูุณูุฏ   ุงุจููุงุตุฑ ูุนูู ุงููุงุฒู   ุนูุฏ ุงููุทุฑ ูข ูฅ ูขููขูข ,2022-05-02 18:10:33+00:00,1433693609820311554,0,1,0,0,ุฏููุฉ ูุทุฑ,"ุฃู ุตูุงู, ุฏููุฉ ูุทุฑ",['https://t.co/YujLCFFTRR'],[],[],neutral
1521178117880098826,ูุดุฎุฉ ุงูุนูุฏ ุนุณุงูู ูู ุนูุงุฏู ุนูุฏ ุงููุทุฑ ุงููุจุงุฑู ุนูุฏูู ูุจุงุฑู ,2022-05-02 17:21:40+00:00,488445947,0,3,0,0,"Doha, Qatar","ุงูุฑูุงู, ุฏููุฉ ูุทุฑ",['https://t.co/304kOENfAC'],[],[],neutral
1521177829739794432,ุฌูุณุฉ ุฎุงุตุฉ ุจููุงุณุจุฉ ุนูุฏ ุงููุทุฑ ุงููุจุงุฑู ูุฌูุณ ุงููุชุงุจ   ุงูููู ุงูุงูู ,2022-05-02 17:20:31+00:00,620898865,0,1,0,0,QATR,"ุงูุฏูุญุฉ, ุฏููุฉ ูุทุฑ",['https://t.co/tILYiOzXZY'],['YouTube'],[],neutral
1521174511915261954, ูุง ุงุฎุชู ุงููุงุถูุฉ ูู ุงุบูุจ ุฏูุฑ ุงููู ุุงูุงู ุนูุฏ ุงููุทุฑ ุงู ุงูุงุถุญู ูููุง ูุนูู ูุฏููุง ูุญู ุงููุณููููุ ูููุณ ูุบูุฑููุ ูุฐูู ุงููุฑูุณูุงุณ ูู ูุนูู ุนูุฏ ุงููุณูุญููู ุฏูู ุบูุฑูู ูุงููููุฏ ููู ุงูุงู ุงุนูุงุฏูู ุงูุชู ุชุนูู ููู ุงููุซูุฑูุฐุง ูุง ุงูุตุฏู ุจุงู ุงูุงูุณุงู ูู ูู ูุถูู ุงููุนูู ุงูุทูุงูุงู ูู ุฏููู ูุนููุฏุชู,2022-05-02 17:07:20+00:00,264983613,0,1,0,3,Qatar,"ุงูุฑูุงู, ุฏููุฉ ูุทุฑ",[],['Rakadllb'],[],neutral
1521158293070168066,ูู ุนุงู ูุฃูุชู ุจุฎูุฑ ุจููุงุณุจุฉ ุนูุฏ ุงููุทุฑ ุงููุจุงุฑูุชูุจู ุงููู ููุง ููููู ุตุงูุญ ุงูุฃุนูุงู ูุงูุทุงุนุงุช๐น๐น ,2022-05-02 16:02:53+00:00,1482137170102075392,0,0,0,0,Qatar ๐ถ๐ฆ,"ุงูุฑูุงู, ุฏููุฉ ูุทุฑ",['https://t.co/vyyDYCru7G'],[],[],neutral
1521131601765310469,waaloou reputationmanagement pr orm socialmediamarketing digitalmarketing advertising seospecialist online mobileapplication marketing  branding videoanimation 2d 3d businessvideos 3dmodelling doha qatarEidMubarakุนูุฏ ุงููุทุฑ ุงููุจุงุฑูุงูุฏูุญุฉ ูุทุฑ ,2022-05-02 14:16:49+00:00,1237007349388398598,1,2,0,0,Qatar ,"ุงูุฏูุญุฉ, ุฏููุฉ ูุทุฑ",['https://t.co/2dT8ieETCe'],[],"['waaloou', 'reputationmanagement', 'pr', 'orm', 'socialmediamarketing', 'digitalmarketing', 'advertising', 'seospecialist', 'online', 'mobileapplication', 'marketing', 'branding', 'videoanimation', '2d', '3d', 'businessvideos', '3dmodelling', 'doha', 'qatar', 'EidMubarak']",neutral
1521120048454279168,ุณูุฑู ุงูู ุงูุงู ุนูุฏ ุงููุทุฑ ูู CASH CLUB ูุน DJ KARIM  amp  DJ ZEE ุจููุฏู ุฌุฑุงูุฏ ุฑูุฌู ุงูุฏูุญู We are waiting you on the first day of Eid El Fitr ๐คฉFor reservation   974 3034 6112party restaurant cashclub nightclub wildparties music dj grandregalhotel enjoy liveparties dance ,2022-05-02 13:30:55+00:00,1434063152212238337,0,0,0,0,Grand Regal Hotel Doha Qatar,"ุงูุฏูุญุฉ, ุฏููุฉ ูุทุฑ",['https://t.co/bw7C81qLx0'],[],"['party', 'restaurant', 'cashclub', 'nightclub', 'wildparties', 'music', 'dj', 'grandregalhotel', 'enjoy', 'liveparties', 'dance']",positive
1521093258205663232,ูู ุนุงู ูุงูุชู ุจุฎูุฑ ููุทุฑ  ูุงููุทู ูุงูุงุฑุฏู ุจุงูู ุฎูุฑ ุนูุฏ ุงููุทุฑ ุงููุจุงุฑู ูุทุฑ ุงูุงุฑุฏู ,2022-05-02 11:44:27+00:00,254697853,0,0,0,0,Jordan ,"ุงูุฑูุงู, ุฏููุฉ ูุทุฑ",['https://t.co/adamrKN5p6'],[],[],neutral
1521092007342579712,ููุชุฐููุฑ ุนูุฏ ุงููุทุฑ ูู ุงูุฎุฑูุฌ ูู ุฑูุถุงู ุ ูููุณ ุงูุฎุฑูุฌ ูู ุงูุฅุณูุงู  ,2022-05-02 11:39:29+00:00,822762797545230337,4,8,0,0,Qatar,"ุงูุฑูุงู, ุฏููุฉ ูุทุฑ",[],[],[],neutral
1521087388704985089,ุนูุฏ ูุจุงุฑู ููุฌููุน ุชูุจู ุงููู ููุง ููููู ุตุงูุญ ุงูุฃุนูุงู ููู ุนุงู ูุงูุชู ุจุงูู ุฎูุฑ ูุตุญุฉ ูุนุงููุฉ ูุงุฑุจ ุนูุฏ ุงููุทุฑ ุงููุจุงุฑู  ,2022-05-02 11:21:08+00:00,1479196338302722049,0,3,0,0,"Doha, Qatar","ุงูุฎูุฑ, ุฏููุฉ ูุทุฑ",['https://t.co/iuyuBx1a8v'],[],[],neutral
1521065561073016834,ุงูุดุงุกุงููู ุนูุฏูู ูุจุฑูู ููู ุณูุฉ ูุงูุชู ุจุฎูุฑ ุนูุฏ ุงููุทุฑ RamadanMubarak,2022-05-02 09:54:24+00:00,747059441837707264,0,5,0,1,"Doha, Qatar","ุงูุฏูุญุฉ, ุฏููุฉ ูุทุฑ",[],[],['RamadanMubarak'],neutral
1521064412852932608,Eid Mubarak from all of us at Bureau Veritas Qatarุนูุฏ ูุทุฑ ูุจุงุฑู ูู ุจูุฑู ููุฑูุชุงุณ ูุทุฑุ ููู ุนุงู ูุงูุชู ุจุฎูุฑEidMubarak Eidุนูุฏ ูุทุฑ ูุจุงุฑู ุนูุฏ ุงููุทุฑBureauVeritas DOHA QATARWeAreBureauVeritasShapingAWorldOfTrustLeaveYourMark ูุทุฑ ุจูุฑู ููุฑูุชุงุณ ุงูุฏูุญุฉ ,2022-05-02 09:49:50+00:00,745518616032882688,0,2,0,0,"Doha, State of Qatar","ุงูุฏูุญุฉ, ุฏููุฉ ูุทุฑ",['https://t.co/wXzcsmHpXm'],[],"['EidMubarak', 'Eid', 'BureauVeritas', 'DOHA', 'QATAR', 'WeAreBureauVeritas', 'ShapingAWorldOfTrust', 'LeaveYourMark']",neutral
1521062365613146113,ูู ุนุงู ู ุงูุชู ุจุฎูุฑ ู ุตุญุฉ ู ุณูุงูุฉ   ุนูุฏูู ูุจุงุฑู ุนูุฏ ุงููุทุฑ ุงูุณูุฏุงู ูุทุฑ ,2022-05-02 09:41:42+00:00,939879060674576384,0,3,0,0,"Doha, Qatar","ุงูุฑูุงู, ุฏููุฉ ูุทุฑ",['https://t.co/5G0FbxXVvt'],[],[],neutral
1521047685083668482,ุนูุฏ ุงููู ุนูููู ูุจุงุฑูููู ุนุงู ูุฃูุชู ุจุฎูุฑโค๏ธุนูุฏ ุงููุทุฑ EidMubarak ,2022-05-02 08:43:22+00:00,1071025224487976960,0,2,0,1,Kuwait ๐ฐ๐ผ / Qatar ๐ถ๐ฆ,Muaither,['https://t.co/15hDEO0ZBF'],[],['EidMubarak'],neutral
1521044152804331520,ุงุฑูุน ุงุนุฒ ูุงูุงุช ูุงูุชุจุฑููุงุช ูุงูุชูุงูู ุฅููููุงู ๐ถ๐ฆุณูุฏู๐ถ๐ฆุณูุฏู๐ถ๐ฆุณูุฏู๐ถ๐ฆุณูุฏู ุฎุงุฏู ุงูุขูุชูู ุงูุนุฑุจูู ูุงูุฅุณูุงููุฉ ุญุถุฑุฉ ุตุงุญุจ ุงูุณูู ุงูุดูุฎ ุชููู ุจู ุญูุฏ ุขู ุซุงูู ุฃููุฑุงูุจูุงุฏุงูููุฏู ุญูุธู ุงููู ูุฑุนุงู ุฃูููุง ูุงูุจุญููู ุนูุฏ ุงููุทุฑ ุงููุจุงุฑู ุงุนุงุฏู ุงููู ุนููู ูุนูููุง ุฌููุนุง ุจุงูููู ูุงูุจุฑูุงุช ูุงูุณุนุงุฏุฉูุฌููุน ุงููุณูููู ,2022-05-02 08:29:20+00:00,1316819236157820931,1,2,0,0,"Al Rayyan, Qatar","ุงูููุฑุฉ, ุฏููุฉ ูุทุฑ",['https://t.co/B1B2N8tTbN'],[],[],neutral
1521040671318192128,  ุนูุฏ ุงููุทุฑ ุงููุจุงุฑู ูู ุนุงู ูุงูุช ุจุงูู ุฎูุฑ ูุตุญุฉ ูุณูุงูุฉ ูุนุงููุฉ ,2022-05-02 08:15:30+00:00,121230566,0,0,0,0,"Istanbul, Turkey","ุงูููุฑุฉ, ุฏููุฉ ูุทุฑ",['https://t.co/FKrBv93hOV'],"['TamemAlthani', 'TamimBinHamad']",[],neutral
1521036782640549888,ุนูุฏููู ูุจูุงุฑู โค๏ธ ุนูุฏ ุงููุทุฑ,2022-05-02 08:00:03+00:00,786000200653500416,0,0,0,0,ุฏููุฉ ุงูุนุฒ ูุทุฑ๐ถ๐ฆ,"ุฃู ุตูุงู, ุฏููุฉ ูุทุฑ",[],[],[],neutral
1521035041215848450,ุงูุณูุงู ุนูููู ูุฑุญูุฉ ุงููู ูุจุฑูุงุชู ุนูุฏูู ูุจุงุฑู ููู ุนุงู ูุฃูุชู ุจุฎูุฑ ู ุชูุจู ุงููู ุทุงุนุงุชูู ู ุฎุชู ุจุงูุตุงูุญุงุช ุฃุนูุงููู ู ุฃุชู ุจุงูุนูุฏ ูุฑุญุชูู ู ูู ุนุงู ูุงูุช ุจุงูู ุฎูุฑ ูุตุญุฉ ูุนุงููุฉ ุนูุฏ ุงููุทุฑ ,2022-05-02 07:53:07+00:00,1159748538626191360,0,0,0,0,Qatar,ุฏููุฉ ูุทุฑ,['https://t.co/wpiE8hlVod'],[],[],neutral
1521023057590116352,ุนูุฏ ุงููุทุฑ ุนูุฏ ุงููุทุฑ ุงููุจุงุฑู ุนุณุงูู ูู ุนูุงุฏู ูู ุงูุนุงูุฏูู ูู ุนุงู ูุงูุชู ุจุฎูุฑ ูุนุณุงูู ูู ุนูุงุฏู ูุทุฑ ,2022-05-02 07:05:30+00:00,991588133807550466,1,2,0,0,"Al Wakra, Qatar","ุงูููุฑุฉ, ุฏููุฉ ูุทุฑ",['https://t.co/nXfzaGOE8K'],[],[],neutral
1521022662889328640,ุฃููุฆูู ุจููุงุณุจุฉ ุนูุฏ ุงููุทุฑ ุงูููุจุงุฑู ูุงููู ูุฌุนู ุงูุงูุฉ ูุงูุนุงูู ุจุฃูุถู ุญุงู ูุนุณุงูู ูู ุนูุงุฏู ูุจุงูุตุญุฉ ูุงูุณุนุงุฏุฉ ุงุฌูุนูู ู ุนูุฏูู ูุจุงุฑู ๐๐ ,2022-05-02 07:03:56+00:00,552480505,0,1,0,0,Qatar,"ุงูุฑูุงู, ุฏููุฉ ูุทุฑ",['https://t.co/LKZD1ouXvU'],[],[],neutral
1521015493636853761,ุนูุฏูุง ุงูููู ุนูุฏูู ุ ุนูุฏ ุงููุทุฑ ูุนูุฏ ูููุงุฏ ุฅูู๐โค๏ธโค๏ธ,2022-05-02 06:35:27+00:00,1320135741679296514,1,1,0,1,"Doha, Qatar","ุงูุฑูุงู, ุฏููุฉ ูุทุฑ",[],[],[],neutral
1521011131808206848,  ูู ุนุงู ูุงูุช ุฃุฌูู ุงุถุงูุฉ ุญุตูุช ูุญูุงุชู ๐คุนูุฏูุง ุงูุฃูู โค๏ธ ุนูุฏ ุงููุทุฑ ุงููุจุงุฑู ,2022-05-02 06:18:07+00:00,1394412756506402825,0,1,0,1,"Doha, Qatar","ุงูุฏูุญุฉ, ุฏููุฉ ูุทุฑ",['https://t.co/P5kkb8x29J'],['Saibalobeidat'],[],neutral
1521010743658831873,ุฃุฌูู ุงูุชูุงูู ุจููุงุณุจุฉ   ุญููู ุนูุฏ ุงููุทุฑ ุงููุจุงุฑู ุณุงุฆูุงู ุงููููู ุงูุนูู ุงููุฏูุฑ  ุฃู ูุฌุนู ุฃูุงููู ูููุง ุฃูุฑุงุญ  ูุฃู ูุนูุฏู ุนูููู ุฃุนูุงูุง  ุนุฏูุฏุฉ ูุฃุฒููุฉ ูุฏูุฏุฉ ุฅูู ุณููุน ูุฌูุจ ุงูุฏุนุงุก ูุจุงุฑู ุนูููู ุงูุนูุฏููู ุนุงู ูุฃูุชู ุจุฎูุฑ ุนูุฏูู ูุจุงุฑู,2022-05-02 06:16:34+00:00,544786056,1,2,0,0,ูุทุฑ,"ุฃู ุตูุงู, ุฏููุฉ ูุทุฑ",[],[],[],neutral
1521009123189575681,ูู ุนูุฏู ูุจู ูุง ุงุนุฑูู ูุฌูุจ ุงูุบุจููุงุฌุนูู ุนูุฏ ุงููุทุฑ   ุนูุฏ ุฑุฏ ุงูุงุนุชุจุงุฑ  ,2022-05-02 06:10:08+00:00,1304110047471992836,0,1,0,0,"Doha, Qatar","ุงูุฑูุงู, ุฏููุฉ ูุทุฑ",[],[],[],neutral
1521008411516755968,ูุงุฑ ุทุฑู ุณ ุณุจ ฺฉู ุนุฏ ุงููุทุฑ  ูุจุงุฑฺฉ ู ,2022-05-02 06:07:18+00:00,1515896629085319169,0,0,0,0,"Doha, Qatar","ุงูุฏูุญุฉ, ุฏููุฉ ูุทุฑ",['https://t.co/sdSPCDzClr'],[],[],neutral
1521007609528131584,ุงุฑูุน ุงุณูู ุขูุงุช ุงูุชูุงูู ูุงูุชุจุฑููุงุช ุฅูู ููุงู ุณูุฏู ุญุถุฑุฉ ุตุงุญุจ ุงูุณูู ุฃููุฑ ุงูุจูุงุฏ ุงูููุฏู  ูุงูู ุณูู ุงูุงููุฑ ุงููุงูุฏ ุงูุดูุฎ ุญูุฏ ุจู ุฎูููุฉ ุขู ุซุงูู ู ุณูู ูุงุฆุจ ุงูุงููุฑ ุงูุดูุฎ ุนุจุฏุงููู ุจู ุญูุฏ ุขู ุซุงูู ุจุญููู ุนูุฏ ุงููุทุฑ ุงููุจุงุฑูุูุงุจุงุฑู ููู ูู ูู ุนูู ุงุฑุถ ูุทุฑ ุงูุญุจูุจุฉู ุนุณูุงูู ูู ุนููุงุฏูุ,2022-05-02 06:04:07+00:00,22674367,0,3,0,1,Qatar,"ุงูุฏูุญุฉ, ุฏููุฉ ูุทุฑ",[],['TamimBinHamad'],[],neutral
1521002253808771072,ุนููุฏ ุงููู ุนูููู ููุจูุงุฑู ู ุนุณุงูู ูู ุนูุงุฏุฉุนูุฏูู ูุจุงุฑู ุนูุฏ ุงููุทุฑ,2022-05-02 05:42:50+00:00,195945031,1,2,0,3,"Doha,Qatar ","ุงูุฏูุญุฉ, ุฏููุฉ ูุทุฑ",[],[],[],neutral
1521002095293480960, ูููุฆูู ุจุญููู ุนูุฏ ุงููุทุฑ ุงููุจุงุฑู       ููู ุนุงู ูุงูุชู ุจุงูู ุฎูุฑ  ๐ฏููููุฉ ุงูุดูุฏ ููุชุฌุงุฑุฉ๐ฏ  ุดุงุฑุน ุฃู ุงูุฏููุ ูุนูุฐุฑ ุงูุดูุงูู  ุฌูุงุฑ ุจูู QNB ุชูููู  59911118  ุงุถุบุท ุงูุฑุงุจุท ููุชูุงุตู ูุงุชุณ ุงุจ   ุฒูุฑูุง ูููุนูุง ๐๐ป ุนูู ูููู  ,2022-05-02 05:42:13+00:00,1492006318944759853,0,0,0,0,"ุงูุฑูุงู, ุฏููุฉ ูุทุฑ","ุงูุฏูุญุฉ, ุฏููุฉ ูุทุฑ","['https://t.co/qF8XPSpL1w', 'https://t.co/X6f8mH7ID5', 'https://t.co/VDyypb9LN7']",[],[],neutral
1521001889327980544,ุนุฏ ุงููุทุฑ ูุจุงุฑฺฉ ,2022-05-02 05:41:23+00:00,1355008033,0,2,0,0,"Doha, Qatar","ุงูุฏูุญุฉ, ุฏููุฉ ูุทุฑ",['https://t.co/J6HpiSswNa'],[],[],neutral
1521001603926568961,ุนูุฏ ุงููุทุฑ ุงููุจุงุฑู ๐ค ,2022-05-02 05:40:15+00:00,271267340,2,1,0,0,"Doha, Qatar.","ุงูุฏูุญุฉ, ุฏููุฉ ูุทุฑ",['https://t.co/FAUEvf5Xzq'],[],[],neutral
1520999762895544320,ุงูุณูุง ุนูููู ูุฑุญูุฉ ุงููู  ูุจุฑูุงุชู ุงุชูุฏู ููู ุจุงูุตุฏู ูุงููุญุจู ูุงุทูุจ ุงูุชูุงูู ูุงูุชุจุฑููุงุช ุจููุงุณุจุฉ ุญููู ุนูุฏ ุงููุทุฑ ุงููุจุงุฑู ุงุนุงุฏู ุงููู ุนูููุง ูุนูููู ุงุนูุงูุง ุนุฏูุฏูู ูุงูุชู ูู ุฃุญุณู ุญุงู ุชูุจู ุงููู ููุง ููููู ุตุงูุญ  ุงูุงุนูุงู           ููู ุนุงู ูุงูุชู ุจุฎูุฑ ,2022-05-02 05:32:56+00:00,1046760239482187777,0,0,0,0,,"ุงูุฏูุญุฉ, ุฏููุฉ ูุทุฑ",['https://t.co/X8Yk1lZw8e'],[],[],neutral
1520998517044649986,ุชูุจูู ุงููู ุทุงุนุชููู ูู ุนุงู ู ุฃูุชู ุจุฎูุฑุนูุฏ ุงููุทุฑ ุงููุจุงุฑู,2022-05-02 05:27:59+00:00,417870919,0,5,0,0,,"ุงูุฑูุงู, ุฏููุฉ ูุทุฑ",[],[],[],neutral
1520997960640872449,๐ุฎุงูุต ุงูุชูุงูู ูุฃุตุฏู ุงูุชูููุงุช ุจููุงุณุจุฉ ุญููู ุนูุฏ ุงููุทุฑ ุงููุจุงุฑู ูุฏุนู ุงููู ุฃู ูุนูุฏู ุนูู ุงูุฌููุน ุจุงูุณูุงู ูุงูุงุณุชูุฑุงุฑ ูุฑูุฒ ุฏุนู ุงูุตุญุฉ ุงูุณููููุฉ ูุญู ุชูุดุฆุฉ ุงุฌุชูุงุนูุฉ ุฃูุถู ุชูุนูุฉ ุตุญุฉ ุณููู ,2022-05-02 05:25:47+00:00,914759277499228161,1,4,0,0,"Doha, Qatar","ุงูููุฑุฉ, ุฏููุฉ ูุทุฑ",['https://t.co/u4eI6hzbIK'],[],[],neutral
1520995856866025472,ุนูุฏูู ูุจุงุฑูุ ูุชูุจู ุงููู ููุง ูููููุตุงูุญ ุงูุฃุนูุงู ุฅู ุดุงุก ุงููู  ููุณุฃู ุงููู ุฃู ูุนูุฏู ุนูู ุงูุฌููุน ุจุงูุตุญุฉ ูุงูุนุงููุฉ ูุงูุฎูุฑ โค๏ธุนูุฏ ุงููุทุฑ ุนูุฏูู ูุจุงุฑู,2022-05-02 05:17:25+00:00,3233828269,0,2,0,0,"ุงูุฏูุญุฉ, ุฏููุฉ ูุทุฑ","ุงูุฏูุญุฉ, ุฏููุฉ ูุทุฑ",[],[],[],neutral
1520993341382569986,ุฃุชูุฏู ุฅูููู ุจุฃุตุฏู ุงูุชูุงูู                                             ุจููุงุณุจุฉ ุนูุฏ ุงููุทุฑ ุงููุจุงุฑู ุ  ุณุงุฆูุง ุงููููู ุงู ูุฌุนู ุฃูุงููู ุณุนูุฏุฉุ ูุฃู ูุนูุฏู ุนูููุง ูุนูููู ุจุงูุฎูุฑ ูุงูููู ูุงูุจุฑูุงุช ูุฃูุชู ุจุฎูุฑูุญูุฏ ุงูุฏูุณุฑู ,2022-05-02 05:07:25+00:00,2527384844,0,0,0,0,ุทุฑูู ุงูุดูุงู - ุงูุฏูุญุฉ ุงูุนุทูุฑูุฉ,"ุงูุฑูุงู, ุฏููุฉ ูุทุฑ",['https://t.co/YLbx8sJYJh'],[],[],neutral
1520991603015528449, ุงูุณูุงู ุนูููู ูุฑุญูุฉ ุงููู ูุจุฑูุงุชู  ุฃุชูุฏู ุจุฃุฌูู ุงูุชูุงูู ูุงูุชุจุฑููุงุช ุจููุงุณุจุฉ ุนูุฏ ุงููุทุฑ ุงูุณุนูุฏ  ุฃุนุงุฏู ุงููู ุนูููุง ูุนูููู ุจูู ุฎูุฑ ูุตุญุฉ ูุจุฑูุฉ ููู ุนุงู ูุฃูุชู ุจุฎูุฑ    ๐น๐น ูู ุนุงู ูุงูุชู ุจุฎูุฑ ,2022-05-02 05:00:31+00:00,338858880,0,1,0,1,ุฏููุฉ ูุทุฑ,"ุงูุฑูุงู, ุฏููุฉ ูุทุฑ",['https://t.co/MjSYTIdDv4'],[],[],neutral
1520987507793477632,ุจููุงุณุจุฉ ุญููู ุนูุฏ ุงููุทุฑ ุงููุจุงุฑู ุ ุฃุชูุฏู ุจุงูุชููุฆุฉ ุฅูู ููุงู ุญุถุฑุฉ ุตุงุญุจ ุงูุณูู ุงูุดูุฎ ุชููู ุจู ุญูุฏ ุขู ุซุงูู ุฃููุฑ ุงูุจูุงุฏ ุงูููุฏูุ ูุงูู ุณูู ุงูุงููุฑ ุงููุงูุฏ ุงูุดูุฎ ุญูุฏ ุจู ุฎูููุฉ ุงู ุซุงูู ูุงูู ูุงูุฉ ุงุจูุงุก ุงูุดุนุจ ุงููุทุฑู ุงููุฑูู ุ ููู ูู ูุนูุด ุนูู ูุฐู ุงูุฃุฑุถ ุงูุทูุจุฉ  ,2022-05-02 04:44:15+00:00,1459405295306821632,0,0,0,0,,"ุงูุฏูุญุฉ, ุฏููุฉ ูุทุฑ",[],[],[],neutral
1520986533335031808,  ุชูุจู ุงููู ููุง ููููู ุงูุตูุงู ูุงูููุงู ูุตุงูุญ ุงูุฃุนูุงู ููู ุนุงู ูุงูุชู ุจุฎูุฑ ุจููุงุณุจุฉ ุนูุฏ ุงููุทุฑ ุงููุจุงุฑู ุงุนุงุฏู ุงููู ุนูููุง ูุนูููู ุจุงูุฎูุฑ ูุงูููู ูุงูุจุฑูุงุช,2022-05-02 04:40:22+00:00,1512095101660680192,0,0,0,0,"Doha, Qatar","ุงูุฏูุญุฉ, ุฏููุฉ ูุทุฑ",[],['hbinth__'],[],neutral
1520982926766313473,ุนูุฏูู ูุจุงุฑู๐โญ๏ธุนุณุงูู ูู ุนูุงุฏู๐ง๐ป๐ุงููู ูุชูุจู ุทุงุนุชูู๐คฒ๐ผ๐ ุนูุฏ ุงููุทุฑ ุงููุจุงุฑู,2022-05-02 04:26:02+00:00,456104718,0,0,0,0,ุฐุงูุฑุฉ ุงูุฃูุงู,"ุงูุฑูุงู, ุฏููุฉ ูุทุฑ",[],[],[],neutral
1520973236783427584,ุนูุฏ ุงููุทุฑ ุงููุจุงุฑู ,2022-05-02 03:47:32+00:00,113538550,1,1,0,2,"Doha, Qatar","ุงูุฏูุญุฉ, ุฏููุฉ ูุทุฑ",['https://t.co/SC4DsfXaOv'],[],[],neutral
1520971738904936448,ุนูุฏ ุงููู ุนูููู ูุจุงุฑู ููู ุนุงู ูุงูุชู ุจุฎูุฑ  ุนูุฏ ุงููุทุฑ,2022-05-02 03:41:35+00:00,246946215,0,0,0,0,,"ุงูุฑูุงู, ุฏููุฉ ูุทุฑ",[],[],[],neutral
1520968831035969536,ุนูุฏ ูุจุงุฑู ูุทุฑ EidMubarak QatarQatar e Government Portal extends its sincere greetings on the occasion of Eid Al Fitrุชุชูุฏู ููู ุจูุงุจุฉ ุญูููุฉ ูุทุฑ ุงูุฅููุชุฑูููุฉ ุจุฃุณูู ุขูุงุช ุงูุชุจุฑููุงุช ุจููุงุณุจุฉ ุญููู ุนูุฏ ุงููุทุฑ ุงููุจุงุฑู ,2022-05-02 03:30:02+00:00,267139205,0,2,0,3,Qatar - ูุทุฑ,ุฏููุฉ ูุทุฑ,['https://t.co/CPNNVLiKDL'],[],"['EidMubarak', 'Qatar']",positive
1520966549464829953,ุตูุงุฉ ุนูุฏ ุงููุทุฑ ูู ุฌุงูุน ูุงุตุฑ ุจู ุนุจุฏุงููู ุจู ุนูู ุงููุณูุฏ ูู ูุฏููุฉ ุงูุฎูุฑ  ูุทุฑ ,2022-05-02 03:20:58+00:00,255206272,0,2,0,0,"Doha, Qatar","ุงูุฎูุฑ, ุฏููุฉ ูุทุฑ",['https://t.co/jAq7rzN2hb'],[],[],neutral
1520962156740890624,ุนูุฏูู ูุจุงุฑู ููู ุนุงู ูุงูุชูุง ุจุฎูุฑ ูุชูุจู ุงููู ุทุงุนุงุชูู โค๏ธ๐บุนูุฏ ุงููุทุฑ ุงููุจุงุฑู,2022-05-02 03:03:30+00:00,766778357795127299,0,2,0,1,ุฏููุฉ ูุทุฑ,"ุงูุฏูุญุฉ, ุฏููุฉ ูุทุฑ",[],[],[],neutral
1520960370172514304,ูุฑูุน ุฃุณูู ุขูุงุช ุงูุชูุงูู ูุงูุชุจุฑููุงุช ุฅูู ููุงู ุญุถุฑุฉ ุตุงุญุจ ุงูุณูู  ุฃููุฑ ุงูุจูุงุฏ ุงูููุฏู ูุณูู ุงูุฃููุฑ ุงููุงูุฏ ูุณูู ูุงุฆุจ ุงูุฃููุฑ ุ ูุงูุดุนุจ ุงููุทุฑู ูู ููุงุทููู ููููููู ุจููุงุณุจุฉ ุญููู ุนูุฏ ุงููุทุฑ ุงููุจุงุฑููู ุนุงู ูุฃูุชู ุจุฎูุฑ ูุนูุฏูู ูุจุงุฑู ๐ ,2022-05-02 02:56:24+00:00,246248214,1,3,0,2,Qatar,"ุงูุฑูุงู, ุฏููุฉ ูุทุฑ",['https://t.co/mrKnUALrX2'],['TamimBinHamad'],[],neutral
1520957969524875264,ุชูุงู ุงู ุงุณูุงู ฺฉู ุนุฏ ุงููุทุฑ ุจุช ุจุช ูุจุงุฑฺฉ ู ,2022-05-02 02:46:52+00:00,1461447890530881540,0,0,0,0,,"ุงูุฏูุญุฉ, ุฏููุฉ ูุทุฑ",['https://t.co/dJyTIfxc7b'],[],[],neutral
1520957299245916160,ุนูุฏ ุงููู ุนูููู ูุจุงุฑู ู ุชูุจู ุงููู ุตูุงููู ูููุงููู ๐นุนูุฏ ุงููุทุฑ ุงููุจุงุฑู,2022-05-02 02:44:12+00:00,341757183,0,0,0,2,Doha-Qatarโกุงูููู ุตู ุนูู ูุญูุฏ,"ุงูุฑูุงู, ุฏููุฉ ูุทุฑ",[],[],[],neutral
1520956128527798272,ุชุชูุฏู ุนุงุฆูุฉ ุงูุฑุจูุนููุญุถุฑุฉ ุตุงุญุจ ุงูุณูู ุฃููุฑ ุงูุจูุงุฏุงูุดูุฎ  ููุงู ุงูุฃุญูุฏ ุงูุตุจุงุญููุณูู ููู ุงูุนูุฏุงูุดูุฎ  ูุดุนู ุงูุฃุญูุฏ ุงูุตุจุงุญุญูุธูู ุงููู ูููุดุนุจ ุงููููุชู ูุงูุฉุจุฃุณูู ุงูุชุจุฑููุงุช ูุงูุชูุงููุจููุงุณุจุฉ ุนูุฏ ุงููุทุฑ ุงูุณุนูุฏุงูุฑุจูุนู ุดูุฑ ุฌุจูุฉ ุงูุตุงูุญูุฉ ุงูููุฑุฉ ุงูุฎุงูุฏูุฉ ุงููููุช ุนูุฏูู ูุจุงุฑู ุนูุฏ ุงููุทุฑ ,2022-05-02 02:39:33+00:00,765615738996547585,0,0,0,0,ุฏููุฉ ุงููููุช,"ุงูุฏูุญุฉ, ุฏููุฉ ูุทุฑ",['https://t.co/pjg1lan68S'],[],[],neutral
1520955674531971074,ูุณุฑูู ุฃู ุฃุชูุฏู ุฅูููู ุจุฃุตุฏู ุงูุชูุงูู ูุงูุชุจุฑููุงุช        ุจููุงุณุจุฉ ุญููู ุนูุฏ ุงููุทุฑ ุงููุจุงุฑู  ุ ุณุงุฆูุง ุงููููู ุณุจุญุงูู ุงู ูุฌุนู ุฃูุงููู ุณุนูุฏุฉุ ูุฃู ูุนูุฏู ุนูููุง ูุนูููู ุฃุนูุงูุง ุนุฏูุฏุฉุ ูุงุฒููุฉ ูุฏูุฏุฉุ ููุญู ูุฅูุงูู ูู ุฃุญุณู ุญุงู   ูุชูุจู ุงููู ููุง ููููู ุตุงูุญ ุงูุฃุนูุงู ,2022-05-02 02:37:45+00:00,324697809,1,4,0,5,,"ุงูุฑูุงู, ุฏููุฉ ูุทุฑ",[],[],[],neutral
1520955061211439104,Eid Mubarak  ูููุคูู ุจุญููู ุนูุฏ ุงููุทุฑ ุงููุจุงุฑูโค๏ธ๐   ุนูุฏุงูุฏูุญุฉุนูุงุฑูู EidmubarakDohaAqarco ,2022-05-02 02:35:19+00:00,1472181799187066887,1,2,0,0,Qatar ,"ุงูุฏูุญุฉ, ุฏููุฉ ูุทุฑ",['https://t.co/4f7QP8oPHl'],[],"['Eidmubarak', 'Doha', 'Aqarco']",neutral
1520954735695650817,ูู ุนุงู ูุงูุชู ุจุฎูุฑ โค๏ธ ุนูุฏ ุงููุทุฑ ุงููุจุงุฑู,2022-05-02 02:34:01+00:00,1245927817587671041,0,0,0,0,"ุงูุฏูุญุฉ, ุฏููุฉ ูุทุฑ","ุงูุฑูุงู, ุฏููุฉ ูุทุฑ",[],[],[],neutral
1520952920677969921,ุนูุฏูู ูุจุงุฑู ๐คููู ุนุงู ูุงูุชูุง ุจุฎูุฑ ุนูุฏูู ูุจุงุฑู ูุทุฑ ุนูุฏ ุงููุทุฑ ุงููุจุงุฑู,2022-05-02 02:26:48+00:00,1318608165626433536,0,5,0,0,ุฏููุฉ ุงููููุช,"ุงูุฑูุงู, ุฏููุฉ ูุทุฑ",[],[],[],neutral
1520943517232766981,ุนูุฏ ุงููุทุฑ ุงููุจุงุฑู ,2022-05-02 01:49:26+00:00,620876491,0,0,0,0,Qatar,"ุงูุฏูุญุฉ, ุฏููุฉ ูุทุฑ",['https://t.co/c12hVOUhdi'],[],[],neutral
1520938056123138049,ุชูุงู ุงู ุงุณูุงู ฺฉู ุนุฏ ุงููุทุฑ ูุจุงุฑฺฉ ุงูู ุชุนุงู ุงุณ ูุจุงุฑฺฉ ูููุน ูพุฑ ูุงุฑ ุชูุงู ูุตุจุชฺบุ ูุณุงุฆู ุงูุฑ ูุดฺฉูุงุช ฺฉู ุญู ฺฉุฑ ,2022-05-02 01:27:44+00:00,1339915453121122305,0,1,0,0,"Peshawar, Pakistan","ุงูุฑูุงู, ุฏููุฉ ูุทุฑ",[],[],[],neutral
1520937044263931904,EID MUBARAK EVERYONE โค๏ธMarchAgainstImportedGovtุนูุฏ ุงููุทุฑ ุงููุจุงุฑูุงููพูุฑูนฺ ุญฺฉููุช ูุงููุธูุฑ MarchAgainstImportedGovt,2022-05-02 01:23:43+00:00,1122003579999485953,0,0,0,0,Doha,"ุงูุฏูุญุฉ, ุฏููุฉ ูุทุฑ",[],[],"['MarchAgainstImportedGovt', 'MarchAgainstImportedGovt']",neutral
1520936989087907840,ุนูุฏูู ูุจุงุฑู ู ุนุณุงูู ูู ุนูุงุฏู ู ุชูุจู ุงููู ููุง ููููู ุตุงูุญ ุงูุฃุนูุงู ุนูุฏ ุงููุทุฑ ุงููุจุงุฑู ุนูุฏ ุงููุทุฑ ,2022-05-02 01:23:30+00:00,855902598083342336,0,0,0,0,"ุงูุฎูุฑ, ุฏููุฉ ูุทุฑ","ุงูุฎูุฑ, ุฏููุฉ ูุทุฑ",['https://t.co/QW8cSRgv5p'],[],[],neutral
1521585561982668800,ุฑุงุช ูฺบ ุฏู ูฺบ ุชุฑ ฺฉฺพูุฆ ูุฆ ุงุฏ ุขุฆุฌุณ ูุฑุงู ูฺบ ฺูพฺฉ ุณ ุจุงุฑ ุข ุฌุงุฆุฌุณ ุตุญุฑุงุคฺบ ูฺบ ูู ุณ ฺู ุจุงุฏู ูุณูุฌุณ ุจูุงุฑ ฺฉู ุจ ูุฌ ูุฑุงุฑ ุข ุฌุงุฆุนูุฏ ุงููุทุฑ ุงููุจุงุฑู,2022-05-03 20:20:42+00:00,1100727045867425792,0,0,0,0,"Al Rayyan, Qatar","ุงูุฏูุญุฉ, ุฏููุฉ ูุทุฑ",[],[],[],neutral
1521567393666977794,ุฃุณุนุฏ ุงููู ุฃูุงููู ุงูุฒู ุงูุนุฑุจู ุนูุฏ ุงููุทุฑ ุงููุจุงุฑู   Qatar ,2022-05-03 19:08:30+00:00,422761716,0,0,0,0,iraq,"ุงูุฑูุงู, ุฏููุฉ ูุทุฑ",['https://t.co/ejAve3VDoR'],[],[],neutral
1521552193181999105,ุนูุฏูู ูุจุงุฑู ุนูุฏ ุงููุทุฑ โค๏ธ   Qatar ,2022-05-03 18:08:06+00:00,1193985355231498240,0,0,0,0,"ุงูุฑูุงู, ุฏููุฉ ูุทุฑ","ุงูุฑูุงู, ุฏููุฉ ูุทุฑ",['https://t.co/98RcQEwvtI'],[],[],neutral
1521501558013313025,ุฅุจุฏุน ุงููุทุฑุจ ูุดุงุฑู ุงูุนูุงุณู ูู ุงูุบูุงุก ุฃูุงู ุงูุณูุณู ููู ุนูุฏ ุงููุทุฑ ุงููุจุงุฑู  ,2022-05-03 14:46:54+00:00,417870919,4,17,0,26,,"ุงูุฑูุงู, ุฏููุฉ ูุทุฑ",['https://t.co/3sQentvrMy'],[],[],neutral
1521431402834767872,ุตุจุงุญ ุงูุฎูุฑ ุนูุฏ ุงููุทุฑ ุงููุจุงุฑู ุนุณุงูู ูู ุนูุงุฏู ุซุงูู ุงูุนูุฏ ูุดุฎุฉ ุงูุนูุฏ ,2022-05-03 10:08:07+00:00,417102199,0,2,0,0,"Utah, USA",ูุฑูุฒ ุงูุชุฏุฑูุจ ูุงูุชุทููุฑ ุงูุชุฑุจูู TEDC,['https://t.co/JPF6MlxJUA'],[],[],neutral
1521394360901808128,ุงุณูุงู ู ุนูฺฉู  ูนููนุฑ ููู ูฺบ ููุฌูุฏ ุณุจฺพ ุฏูุณุชูฺบ ฺฉู ุนุฏุงููุทุฑ ฺฉ ุจุช ุจุช ูุจุงุฑฺฉุจุงุฏ ุงูู ุชุนุงููฐ ูุงุฑ ุฑูุฒ ุ ุนุจุงุฏุงุช ฺฉู ุงูพู ุจุงุฑฺฏุง ุนุงู ูฺบ ูุจูู ู ููุธูุฑ ูุฑูุงุฆ ุขูู๐ฅฐโค๏ธุนูุฏูู ูุจุงุฑู ุนูุฏ ุงููุทุฑ,2022-05-03 07:40:56+00:00,1100727045867425792,0,0,0,0,"Al Rayyan, Qatar","ุงูุฑูุงู, ุฏููุฉ ูุทุฑ",[],[],[],neutral
1521358429515833344,ุชูุจู ุงููู ุตูุงููู ู ููุงููู ู ูู ุนุงู ูุงูุชู ุจุฎูุฑ  ุนูุฏ ุงููุทุฑ ุงููุจุงุฑู,2022-05-03 05:18:09+00:00,714222019378823168,0,0,0,0,"Doha, Qatar","ุฃู ุตูุงู, ุฏููุฉ ูุทุฑ",[],[],[],neutral
